{
  "schema": "onga-stage20-hybrid-hourly-input-v1",
  "status": "synthetic_browser_benchmark_only",
  "hours": [
    -12,
    -11,
    -10,
    -9,
    -8,
    -7,
    -6,
    -5,
    -4,
    -3,
    -2,
    -1,
    0,
    1,
    2,
    3,
    4,
    5,
    6,
    7,
    8,
    9,
    10,
    11,
    12,
    13,
    14,
    15,
    16,
    17,
    18,
    19,
    20,
    21,
    22,
    23,
    24
  ],
  "tideRelativeM": [
    0.73917973,
    0.81861269,
    0.69297058,
    0.39372869,
    -0.0041483,
    -0.40098608,
    -0.69737067,
    -0.81905319,
    -0.73555028,
    -0.46778072,
    -0.08282489,
    0.32287984,
    0.64769821,
    0.81025822,
    0.76983608,
    0.53655816,
    0.16886417,
    -0.24113289,
    -0.59072246,
    -0.79232696,
    -0.79544137,
    -0.59928549,
    -0.25299937,
    0.15666698,
    0.52708584,
    0.76546159,
    0.81207745,
    0.65525541,
    0.33428181,
    -0.07043452,
    -0.45750592,
    -0.72996505,
    -0.81955671,
    -0.70383681,
    -0.41179496,
    -0.01659214,
    0.38276726
  ],
  "ongaDischargeM3S": [
    180.0,
    180.0,
    180.0,
    180.0,
    180.0,
    180.0,
    180.0,
    180.0,
    180.0,
    180.0,
    180.0,
    180.0,
    180.0,
    180.0,
    180.0,
    180.0,
    180.0,
    180.0,
    180.0,
    180.0,
    180.0,
    180.0,
    180.0,
    180.0,
    180.0,
    180.0,
    180.0,
    180.0,
    180.0,
    180.0,
    180.0,
    180.0,
    180.0,
    180.0,
    180.0,
    180.0,
    180.0
  ],
  "nishiDischargeM3S": [
    12.0,
    12.0,
    12.0,
    12.0,
    12.0,
    12.0,
    12.0,
    12.0,
    12.0,
    12.0,
    12.0,
    12.0,
    12.0,
    12.0,
    12.0,
    12.0,
    12.0,
    12.0,
    12.0,
    12.0,
    12.0,
    12.0,
    12.0,
    12.0,
    12.0,
    12.0,
    12.0,
    12.0,
    12.0,
    12.0,
    12.0,
    12.0,
    12.0,
    12.0,
    12.0,
    12.0,
    12.0
  ],
  "magariDischargeM3S": [
    8.0,
    8.0,
    8.0,
    8.0,
    8.0,
    8.0,
    8.0,
    8.0,
    8.0,
    8.0,
    8.0,
    8.0,
    8.0,
    8.0,
    8.0,
    8.0,
    8.0,
    8.0,
    8.0,
    8.0,
    8.0,
    8.0,
    8.0,
    8.0,
    8.0,
    8.0,
    8.0,
    8.0,
    8.0,
    8.0,
    8.0,
    8.0,
    8.0,
    8.0,
    8.0,
    8.0,
    8.0
  ],
  "barrageOpeningFraction": [
    1.0,
    1.0,
    1.0,
    1.0,
    1.0,
    1.0,
    1.0,
    1.0,
    1.0,
    1.0,
    1.0,
    1.0,
    1.0,
    1.0,
    1.0,
    1.0,
    1.0,
    1.0,
    1.0,
    1.0,
    1.0,
    1.0,
    1.0,
    1.0,
    1.0,
    1.0,
    1.0,
    1.0,
    1.0,
    1.0,
    1.0,
    1.0,
    1.0,
    1.0,
    1.0,
    1.0,
    1.0
  ],
  "safeguards": {
    "physicalBoundarySeries": false,
    "physicalRunAuthorization": false
  }
}
