{"schema":"onga-stage16-mesh-constraints-v1","version":"stage16-metric-fv-mesh-v1","barrageHardConstraint":{"endpoint0Pixel":[1454.1503211781874,981.4013738598115],"endpoint1Pixel":[1115.7533082266086,1017.7002082685227]},"referenceSections":[{"id":"M","endpointAImagePixel":[347.162416249502,30.71822944336384],"endpointBImagePixel":[215.54079165169975,167.74285474201307]},{"id":"N","endpointAImagePixel":[982.435339020629,1171.0619421129627],"endpointBImagePixel":[895.7547396179723,1178.5100081167072]},{"id":"O","endpointAImagePixel":[1467.1337615037185,1155.3928335875828],"endpointBImagePixel":[1137.926501005877,1194.3136459571415]},{"id":"G","endpointAImagePixel":[1847.2591491992032,1142.328076048551],"endpointBImagePixel":[1767.776183219856,1217.6454586313648]}],"expected":{"vertices":28560,"cells":50333,"internalFaces":72107,"boundaryFaces":6785,"barrageFaces":68,"meshArrayHashes":{"vertices":"719e1206939dee4fdf45fa8bedba13c6608fdff46b885811ba8deb886b9b33c0","triangles":"104b03f5174b5a14a91aca51ee2fbb3cfa32b64679486781413dea930f57141d","segments":"07689a5cbe85a23248ca49f68983570249967de390e31cacb5b310731a371101","segment_markers":"9b5be414b15f71a19825d5f4a50e255e491d9de4f9ceae6d7020b0c9318701e4"},"boundaryFaceCounts":{"shoreline":6678,"M":5,"N":21,"O":57,"G":24},"gateFaceCounts":{"1":9,"2":7,"3":9,"4":8,"5":8,"6":8,"7":7,"8":12},"fishwayCells":[17144,38289],"fishwayComponents":[0,1],"referenceSectionCounts":{"M":{"edges":75,"cells":75},"N":{"edges":34,"cells":35},"O":{"edges":115,"cells":115},"G":{"edges":45,"cells":46}},"compactSha256Uncompressed":"ae7dda0a1e2e1dee238b400b17eaab24fa0e1dff34007815be4d290a6b744d04","compactSha256Compressed":"5c7dfc9cf72c89e41ef7bb7747225d4821da1e6ab00b8fffe0663613a7efc0e6"},"fishwayApprovedImagePixel":[1111.66,987.21]}